"Year","City","Violent Crime Total","Murder and Nonnegligent Manslaughter","Rape","Robbery","Aggravated Assault","Property Crime Total","Burglary","Larceny-Theft","Motor Vehicle Theft"
"2001","Mobile, AL","482","23","15","199","245","2,059","1,639","123"
"2002","Mobile, AL","587","30","15","248","294","2,564","2,061","155"
"2003","Mobile, AL","568","12","33","266","257","2,506","2,042","121"
"2004","Mobile, AL","403","9","18","186","190","2,609","2,038","124"
"2005","Mobile, AL","468","22","18","208","220","2,305","1,778","129"
"2006","Mobile, AL","469","19","20","225","205","2,345","1,754","165"
"2007","Mobile, AL","546","31","27","259","229","2,514","1,886","149"
"2008","Mobile, AL","650","33","19","408","190","2,978","2,318","146"
"2009","Mobile, AL","585","27","18","341","199","3,045","2,298","123"
"2010","Mobile, AL"
"2011","Mobile, AL"
"2012","Mobile, AL"
"2013","Mobile, AL"
"2014","Mobile, AL"
"2001","Anchorage, AK","529","12","23","112","382","2,356","2,013","166"
"2002","Anchorage, AK","539","21","32","112","374","2,844","2,425","229"
"2003","Anchorage, AK","537","14","28","87","408","2,764","2,341","217"
"2004","Anchorage, AK","616","15","25","98","478","2,156","1,836","168"
"2005","Anchorage, AK"
"2006","Anchorage, AK","773","18","26","104","625","2,739","2,361","211"
"2007","Anchorage, AK","887","22","32","121","712","2,686","2,320","191"
"2008","Anchorage, AK","1,287","10","29","225","1,023","2,466","2,123","146"
"2009","Anchorage, AK","1,265","15","50","243","957","2,391","2,049","134"
"2010","Anchorage, AK","1,189","11","40","187","951","2,214","1,921","116"
"2011","Anchorage, AK","1,084","17","57","166","844","2,115","1,832","109"
"2012","Anchorage, AK","1,189","9","72","155","953","2,247","1,929","129"
"2013","Anchorage, AK","","13","","192","789","2,622","2,354","128"
"2014","Anchorage, AK","","10","","162","819","2,080","1,807","108"
"2001","Chandler, AZ","180","1","1","31","147","846","668","87"
"2002","Chandler, AZ","213","2","8","32","171","1,061","850","96"
"2003","Chandler, AZ","267","6","17","45","199","1,124","944","102"
"2004","Chandler, AZ","324","- 1","11","52","261","1,231","984","137"
"2005","Chandler, AZ","328","3","7","64","254","1,174","902","173"
"2006","Chandler, AZ","318","5","6","49","258","1,090","886","107"
"2007","Chandler, AZ","299","3","3","76","217","1,264","1,080","78"
"2008","Chandler, AZ","306","3","6","88","209","1,453","1,275","76"
"2009","Chandler, AZ","313","7","4","87","215","1,652","1,467","51"
"2010","Chandler, AZ","293","7","7","69","210","1,462","1,294","48"
"2011","Chandler, AZ","270","3","12","48","207","1,341","1,195","31"
"2012","Chandler, AZ","234","3","11","53","167","1,331","1,229","19"
"2013","Chandler, AZ","","- 1","","49","155","1,052","993","23"
"2014","Chandler, AZ","","6","","26","155","1,243","1,119","39"
"2001","Mesa, AZ","773","5","4","84","680","2,819","2,459","194"
"2002","Mesa, AZ","801","7","13","87","694","3,191","2,740","245"
"2003","Mesa, AZ","824","6","10","105","703","3,518","2,882","360"
"2004","Mesa, AZ","860","13","15","79","753","3,473","2,954","278"
"2005","Mesa, AZ","740","14","21","96","609","3,399","2,946","253"
"2006","Mesa, AZ","644","11","31","121","481","3,213","2,788","196"
"2007","Mesa, AZ","758","17","24","208","509","3,819","3,329","203"
"2008","Mesa, AZ","857","15","22","250","570","3,961","3,495","130"
"2009","Mesa, AZ","781","8","24","245","504","3,685","3,233","95"
"2010","Mesa, AZ","758","12","22","248","476","3,580","3,096","97"
"2011","Mesa, AZ","717","16","21","221","459","3,856","3,392","133"
"2012","Mesa, AZ","740","10","22","204","504","4,235","3,767","124"
"2013","Mesa, AZ","~","24","~","171","453","4,023","3,568","99"
"2014","Mesa, AZ","~","9","~","202","622","4,268","3,766","76"
"2001","Tucson, AZ","1,037","44","34","361","598","5,740","4,398","733"
"2002","Tucson, AZ","961","65","16","268","612","6,379","5,105","626"
"2003","Tucson, AZ","943","38","14","314","577","6,612","5,228","672"
"2004","Tucson, AZ","858","44","22","235","557","6,608","5,152","752"
"2005","Tucson, AZ","967","47","26","265","629","5,661","4,276","719"
"2006","Tucson, AZ","868","43","20","248","557","5,316","4,106","679"
"2007","Tucson, AZ","810","37","20","217","536","5,988","4,954","514"
"2008","Tucson, AZ","831","50","16","252","513","5,893","4,933","436"
"2009","Tucson, AZ","890","33","15","286","556","5,667","4,909","275"
"2010","Tucson, AZ","786","51","11","177","547","5,868","5,152","244"
"2011","Tucson, AZ","845","42","14","248","541","5,078","4,494","159"
"2012","Tucson, AZ","860","42","27","256","535","4,129","3,467","186"
"2013","Tucson, AZ","~","28","~","251","455","4,717","4,206","125"
"2014","Tucson, AZ","~","29","~","214","423","5,656","5,098","100"
"2001","Phoenix, AZ","2,440","74","71","669","1,626","12,299","8,604","2,005"
"2002","Phoenix, AZ","2,567","71","52","676","1,768","12,836","8,699","2,436"
"2003","Phoenix, AZ","2,373","67","71","597","1,638","12,631","8,241","2,549"
"2004","Phoenix, AZ","2,329","71","45","608","1,605","12,789","8,736","2,349"
"2005","Phoenix, AZ","2,431","75","58","622","1,676","12,328","8,445","2,379"
"2006","Phoenix, AZ","2,490","77","54","638","1,721","10,191","6,573","2,064"
"2007","Phoenix, AZ","2,518","77","55","825","1,561","11,610","8,041","1,819"
"2008","Phoenix, AZ","2,755","91","39","846","1,779","12,050","9,234","1,049"
"2009","Phoenix, AZ","2,917","55","74","923","1,865","12,985","10,913","659"
"2010","Phoenix, AZ","2,514","68","59","725","1,662","11,084","9,158","457"
"2011","Phoenix, AZ","2,582","68","52","714","1,748","11,463","9,311","450"
"2012","Phoenix, AZ","3,048","75","70","843","2,060","12,228","9,482","546"
"2013","Phoenix, AZ","~","81","~","818","2,349","13,243","10,913","614"
"2014","Phoenix, AZ","~","50","~","627","1,945","11,371","9,414","660"
"2001","Anaheim, CA","894","9","16","102","767","1,661","1,009","261"
"2002","Anaheim, CA","1,005","25","9","100","871","1,970","1,288","219"
"2003","Anaheim, CA","970","7","18","104","841","1,594","865","260"
"2004","Anaheim, CA","973","13","21","123","816","1,558","802","254"
"2005","Anaheim, CA","962","23","14","157","768","1,291","591","274"
"2006","Anaheim, CA","1,084","26","34","148","876","1,104","493","221"
"2007","Anaheim, CA","1,074","45","13","182","834","1,304","655","155"
"2008","Anaheim, CA","963","21","14","206","722","1,241","604","112"
"2009","Anaheim, CA","976","19","18","198","741","1,214","609","77"
"2010","Anaheim, CA","960","16","15","206","723","1,099","502","78"
"2011","Anaheim, CA","955","10","27","198","720","1,005","466","81"
"2012","Anaheim, CA","979","38","16","179","746","1,036","432","109"
"2013","Anaheim, CA","~","23","~","186","728","1,072","523","108"
"2014","Anaheim, CA","~","20","~","167","738","900","488","87"
"2001","Bakersfield, CA","1,327","19","22","198","1,088","2,532","1,647","86"
"2002","Bakersfield, CA","1,558","22","28","156","1,352","2,620","1,623","104"
"2003","Bakersfield, CA","1,287","11","12","215","1,049","3,349","2,002","385"
"2004","Bakersfield, CA","1,443","22","26","206","1,189","3,543","2,164","357"
"2005","Bakersfield, CA","1,588","31","11","208","1,338","3,046","1,776","239"
"2006","Bakersfield, CA","1,759","23","23","231","1,482","3,082","1,728","251"
"2007","Bakersfield, CA"
"2008","Bakersfield, CA","2,386","62","16","359","1,949","3,363","1,913","209"
"2009","Bakersfield, CA","2,095","26","20","306","1,743","3,201","1,832","156"
"2010","Bakersfield, CA","1,877","54","11","290","1,522","2,876","1,578","120"
"2011","Bakersfield, CA","1,890","68","20","304","1,498","2,540","1,214","121"
"2012","Bakersfield, CA"
"2013","Bakersfield, CA","~","33","~","372","1,475","2,358","1,114","154"
"2014","Bakersfield, CA","~","30","~","355","1,730","2,720","1,339","124"
"2001","Chula Vista, CA","654","3","16","102","533","1,060","614","101"
"2002","Chula Vista, CA","592","6","13","57","516","1,064","578","103"
"2003","Chula Vista, CA","609","10","8","76","515","1,230","668","161"
"2004","Chula Vista, CA","617","2","7","100","508","1,242","676","128"
"2005","Chula Vista, CA","620","3","19","97","501","1,078","510","118"
"2006","Chula Vista, CA","638","2","22","95","519","1,199","633","71"
"2007","Chula Vista, CA"
"2008","Chula Vista, CA","615","3","9","95","508","1,193","682","58"
"2009","Chula Vista, CA","557","4","10","115","428","1,177","771","33"
"2010","Chula Vista, CA","531","3","17","81","430","1,153","804","31"
"2011","Chula Vista, CA","529","4","7","94","424","1,127","765","22"
"2012","Chula Vista, CA","477","7","10","94","366","867","580","31"
"2013","Chula Vista, CA","~","2","~","85","406","922","582","27"
"2014","Chula Vista, CA","~","2","~","84","393","795","496","26"
"2001","Long Beach, CA","2,578","34","34","435","2,075","2,799","1,567","572"
"2002","Long Beach, CA","2,492","32","42","402","2,016","2,662","1,395","567"
"2003","Long Beach, CA","2,654","35","50","439","2,130","3,084","1,840","578"
"2004","Long Beach, CA","2,557","38","41","498","1,980","2,902","1,656","602"
"2005","Long Beach, CA"
"2006","Long Beach, CA","2,380","16","29","464","1,871","2,357","1,217","456"
"2007","Long Beach, CA","2,367","23","35","445","1,864","2,621","1,546","370"
"2008","Long Beach, CA","2,285","21","25","514","1,725","2,798","1,629","354"
"2009","Long Beach, CA","2,255","26","34","470","1,725","2,518","1,472","266"
"2010","Long Beach, CA","1,975","19","20","411","1,525","2,290","1,307","254"
"2011","Long Beach, CA","1,875","17","22","358","1,478","2,198","1,227","197"
"2012","Long Beach, CA","1,810","29","19","339","1,423","2,174","1,216","226"
"2013","Long Beach, CA","~","23","~","328","1,124","2,035","967","265"
"2014","Long Beach, CA","~","26","~","249","1,279","1,560","856","206"
"2001","Oakland, CA","1,424","37","59","382","946","2,171","782","960"
"2002","Oakland, CA","1,577","44","38","444","1,051","2,252","780","981"
"2003","Oakland, CA","1,370","53","29","386","902","2,029","750","801"
"2004","Oakland, CA"
"2005","Oakland, CA","911","30","24","287","570","1,301","381","582"
"2006","Oakland, CA","802","31","23","273","475","992","324","433"
"2007","Oakland, CA","1,142","37","26","470","609","1,277","357","573"
"2008","Oakland, CA","1,237","19","38","534","646","1,255","430","488"
"2009","Oakland, CA","1,296","35","40","537","684","1,271","434","388"
"2010","Oakland, CA","1,084","31","39","461","553","1,005","319","288"
"2011","Oakland, CA","901","19","24","342","516","870","257","279"
"2012","Oakland, CA","924","22","38","321","543","863","252","312"
"2013","Oakland, CA","~","16","~","334","478","760","234","261"
"2014","Oakland, CA","~","26","~","294","545","720","233","241"
"2001","Riverside, CA","979","15","24","151","789","1,694","948","245"
"2002","Riverside, CA","849","20","14","126","689","1,617","877","283"
"2003","Riverside, CA","937","14","16","142","765","1,714","931","297"
"2004","Riverside, CA","835","11","16","137","671","1,756","966","289"
"2005","Riverside, CA","773","13","13","127","620","1,773","1,054","264"
"2006","Riverside, CA","762","4","15","156","587","1,676","1,017","192"
"2007","Riverside, CA","761","17","17","176","551","1,829","1,198","123"
"2008","Riverside, CA"
"2009","Riverside, CA","844","16","30","175","623","1,972","1,364","96"
"2010","Riverside, CA","727","7","17","127","576","1,706","1,139","90"
"2011","Riverside, CA"
"2012","Riverside, CA","687","8","14","120","545","1,805","1,123","75"
"2013","Riverside, CA","~","3","~","141","538","1,666","990","81"
"2014","Riverside, CA","~","10","~","119","588","1,812","1,080","80"
"2001","Sacramento, CA","2,538","33","64","313","2,128","3,605","2,218","638"
"2002","Sacramento, CA"
"2003","Sacramento, CA","2,768","37","58","385","2,288","4,024","2,370","899"
"2004","Sacramento, CA","2,943","80","65","472","2,326","4,491","2,490","956"
"2005","Sacramento, CA","3,267","70","44","555","2,598","4,172","2,279","856"
"2006","Sacramento, CA","3,309","80","42","625","2,562","4,097","2,079","883"
"2007","Sacramento, CA","3,290","70","42","589","2,589","3,950","2,250","697"
"2008","Sacramento, CA","3,181","56","34","548","2,543","3,834","2,317","504"
"2009","Sacramento, CA","2,795","44","38","548","2,165","3,771","2,368","406"
"2010","Sacramento, CA","2,775","59","46","559","2,111","3,615","2,096","383"
"2011","Sacramento, CA","2,450","48","35","472","1,895","3,078","1,744","264"
"2012","Sacramento, CA","2,272","22","18","400","1,832","2,769","1,480","307"
"2013","Sacramento, CA","~","21","~","415","1,815","2,296","1,211","306"
"2014","Sacramento, CA","~","25","~","351","2,048","2,108","1,035","277"
"2001","Santa Ana, CA","1,191","22","17","170","982","1,445","674","243"
"2002","Santa Ana, CA","1,223","23","24","182","994","1,439","761","223"
"2003","Santa Ana, CA","1,000","10","26","147","817","1,424","656","270"
"2004","Santa Ana, CA","984","10","31","83","860","1,383","675","277"
"2005","Santa Ana, CA","847","26","20","101","700","1,455","771","220"
"2006","Santa Ana, CA","868","29","31","170","638","1,261","716","125"
"2007","Santa Ana, CA","915","36","20","183","676","1,236","658","100"
"2008","Santa Ana, CA","867","19","17","181","650","1,265","658","81"
"2009","Santa Ana, CA","933","31","28","209","665","1,227","650","56"
"2010","Santa Ana, CA","897","36","31","218","612","1,139","601","71"
"2011","Santa Ana, CA","870","22","10","203","635","1,181","672","72"
"2012","Santa Ana, CA","870","22","15","215","618","1,171","690","76"
"2013","Santa Ana, CA","~","12","~","164","513","989","584","86"
"2014","Santa Ana, CA","~","5","~","143","545","811","467","73"
"2001","Stockton, CA","1,490","51","27","267","1,145","1,968","1,323","59"
"2002","Stockton, CA","1,452","49","20","227","1,156","1,881","1,168","115"
"2003","Stockton, CA","1,313","27","30","259","997","1,995","1,363","98"
"2004","Stockton, CA","1,452","30","29","257","1,136","2,014","1,361","130"
"2005","Stockton, CA","1,656","33","31","374","1,218","2,240","1,623","75"
"2006","Stockton, CA","1,603","34","20","388","1,161","2,458","1,568","274"
"2007","Stockton, CA","1,523","27","18","356","1,122","2,171","1,543","67"
"2008","Stockton, CA","1,707","32","31","448","1,196","1,962","1,359","44"
"2009","Stockton, CA","1,504","12","19","409","1,064","2,046","1,403","31"
"2010","Stockton, CA","1,224","36","21","339","828","1,669","1,126","23"
"2011","Stockton, CA","1,053","24","10","292","727","1,247","854","20"
"2012","Stockton, CA","1,150","42","17","267","824","1,120","640","33"
"2013","Stockton, CA","~","26","~","248","898","967","573","26"
"2014","Stockton, CA","~","29","~","180","923","750","383","25"
"2001","Fresno, CA","3,136","23","86","341","2,686","4,035","2,461","435"
"2002","Fresno, CA","2,934","31","63","316","2,524","4,078","2,492","502"
"2003","Fresno, CA","2,995","39","59","336","2,561","4,019","2,518","425"
"2004","Fresno, CA","2,959","39","59","343","2,518","3,741","2,344","386"
"2005","Fresno, CA","2,963","31","52","365","2,515","3,348","1,915","384"
"2006","Fresno, CA"
"2007","Fresno, CA","3,061","47","54","404","2,556","3,426","1,967","285"
"2008","Fresno, CA","2,668","40","32","395","2,201","3,745","2,272","243"
"2009","Fresno, CA","2,583","39","41","391","2,112","3,551","2,299","192"
"2010","Fresno, CA","2,542","43","35","349","2,115","3,188","1,919","254"
"2011","Fresno, CA","2,421","39","29","378","1,975","3,230","1,802","220"
"2012","Fresno, CA","2,312","48","28","305","1,931","3,056","1,781","202"
"2013","Fresno, CA","~","42","~","380","1,903","3,607","2,089","172"
"2014","Fresno, CA","~","62","~","347","2,169","3,322","1,937","144"
"2001","San Francisco, CA","3,791","28","44","875","2,844","4,847","2,876","821"
"2002","San Francisco, CA","3,612","32","42","733","2,805","4,297","2,465","691"
"2003","San Francisco, CA"
"2004","San Francisco, CA","3,427","21","38","778","2,590","4,047","2,331","604"
"2005","San Francisco, CA","3,452","26","44","762","2,620","3,555","1,815","591"
"2006","San Francisco, CA","3,457","28","32","798","2,599","3,826","1,930","555"
"2007","San Francisco, CA","3,427","36","33","862","2,496","3,331","1,854","412"
"2008","San Francisco, CA","3,871","35","34","988","2,814","3,496","2,122","366"
"2009","San Francisco, CA","3,568","37","36","863","2,632","3,190","1,951","281"
"2010","San Francisco, CA","2,342","46","33","511","1,752","2,196","1,527","172"
"2011","San Francisco, CA","2,340","66","26","568","1,680","2,093","1,325","146"
"2012","San Francisco, CA"
"2013","San Francisco, CA","~","29","~","496","1,461","1,550","706","185"
"2014","San Francisco, CA","~","26","~","371","1,435","1,289","593","182"
"2001","Los Angeles, CA","17,436","299","269","3,105","13,763","14,376","8,042","3,104"
"2002","Los Angeles, CA","16,047","308","237","2,904","12,598","13,892","7,508","3,393"
"2003","Los Angeles, CA","16,330","266","249","3,208","12,607","14,461","7,748","3,611"
"2004","Los Angeles, CA","15,433","312","192","3,318","11,611","14,155","7,544","3,521"
"2005","Los Angeles, CA","14,529","287","171","3,183","10,888","13,304","6,801","3,673"
"2006","Los Angeles, CA","14,379","296","196","3,485","10,402","12,734","6,657","3,100"
"2007","Los Angeles, CA","14,479","282","218","3,520","10,459","12,403","6,806","2,661"
"2008","Los Angeles, CA","14,495","217","271","3,623","10,384","12,650","7,824","1,945"
"2009","Los Angeles, CA","14,224","208","208","3,470","10,338","11,707","7,550","1,360"
"2010","Los Angeles, CA","12,257","133","247","2,829","9,048","11,449","7,710","1,223"
"2011","Los Angeles, CA","11,935","153","178","2,723","8,881","11,404","7,770","1,028"
"2012","Los Angeles, CA","11,371","174","199","2,348","8,650","11,414","7,891","956"
"2013","Los Angeles, CA","~","123","~","2,001","7,957","10,383","7,089","998"
"2014","Los Angeles, CA","~","99","~","1,939","8,206","9,349","6,133","996"
"2001","San Diego, CA","4,766","44","84","606","4,032","5,120","3,015","592"
"2002","San Diego, CA","4,499","52","70","516","3,861","4,995","2,743","682"
"2003","San Diego, CA","4,464","69","85","548","3,762","5,412","2,862","900"
"2004","San Diego, CA","4,217","73","55","499","3,590","5,452","2,837","959"
"2005","San Diego, CA","4,072","55","55","512","3,450","4,980","2,473","869"
"2006","San Diego, CA","3,852","67","62","685","3,038","4,752","2,430","688"
"2007","San Diego, CA","4,188","55","48","692","3,393","4,500","2,488","538"
"2008","San Diego, CA","4,103","63","49","702","3,289","4,240","2,308","359"
"2009","San Diego, CA","3,847","63","56","662","3,066","4,037","2,216","274"
"2010","San Diego, CA","3,550","43","49","556","2,902","3,874","2,164","259"
"2011","San Diego, CA","3,276","49","57","502","2,668","3,774","2,146","192"
"2012","San Diego, CA","3,382","54","68","539","2,721","4,094","2,369","359"
"2013","San Diego, CA","~","40","~","515","2,599","3,990","2,271","333"
"2014","San Diego, CA","~","45","~","475","2,916","3,692","2,179","283"
"2001","San Jose, CA","3,268","18","95","311","2,844","3,867","2,604","504"
"2002","San Jose, CA","3,117","36","63","349","2,669","4,483","3,332","445"
"2003","San Jose, CA","2,927","29","49","318","2,531","4,300","3,048","559"
"2004","San Jose, CA"
"2005","San Jose, CA","2,923","31","60","349","2,483","4,078","2,668","698"
"2006","San Jose, CA","2,793","25","26","386","2,356","3,826","2,420","703"
"2007","San Jose, CA","2,799","35","42","384","2,338","3,635","2,333","597"
"2008","San Jose, CA","2,691","28","54","457","2,152","4,048","2,812","464"
"2009","San Jose, CA","2,558","34","44","421","2,059","4,347","3,259","401"
"2010","San Jose, CA","2,354","17","49","402","1,886","3,896","2,858","377"
"2011","San Jose, CA","2,143","19","37","388","1,699","3,254","2,322","312"
"2012","San Jose, CA","2,068","61","33","409","1,565","3,112","2,021","480"
"2013","San Jose, CA"
"2014","San Jose, CA","~","38","~","299","1,627","2,535","1,624","411"
"2001","Aurora, CO","480","14","36","108","322","1,658","1,327","172"
"2002","Aurora, CO","460","15","43","74","328","1,343","912","305"
"2003","Aurora, CO","469","7","33","101","328","2,191","1,776","264"
"2004","Aurora, CO","483","5","36","106","336","2,624","2,115","295"
"2005","Aurora, CO","432","7","36","105","284","2,639","2,157","297"
"2006","Aurora, CO","508","6","29","109","364","2,420","2,021","207"
"2007","Aurora, CO","438","4","32","123","279","2,756","2,359","191"
"2008","Aurora, CO","519","36","45","105","333","2,959","2,579","166"
"2009","Aurora, CO","557","30","42","171","314","2,966","2,623","100"
"2010","Aurora, CO","543","19","53","148","323","2,707","2,418","95"
"2011","Aurora, CO","471","18","36","110","307","2,786","2,525","82"
"2012","Aurora, CO","477","6","25","124","322","3,035","2,781","80"
"2013","Aurora, CO","~","11","~","138","350","3,453","3,133","116"
"2014","Aurora, CO","~","8","~","108","342","3,459","3,076","136"
"2001","Denver, CO","1,492","53","91","311","1,037","6,686","5,161","1,013"
"2002","Denver, CO","1,592","47","101","290","1,154","6,813","5,056","1,179"
"2003","Denver, CO","1,436","36","86","299","1,015","6,588","4,980","1,082"
"2004","Denver, CO","1,391","58","84","256","993","6,052","4,654","952"
"2005","Denver, CO","1,267","6","72","249","940","4,505","3,544","373"
"2006","Denver, CO","1,374","9","82","346","937","1,636","664","376"
"2007","Denver, CO","1,123","21","67","245","790","1,142","384","304"
"2008","Denver, CO","1,409","41","76","345","947","1,799","663","347"
"2009","Denver, CO","1,439","35","93","339","972","1,933","874","367"
"2010","Denver, CO","1,312","30","103","299","880","1,611","731","282"
"2011","Denver, CO","1,366","22","107","327","910","1,825","818","371"
"2012","Denver, CO","1,350","33","84","320","913","1,760","818","364"
"2013","Denver, CO","~","27","~","420","1,057","3,591","2,480","373"
"2014","Denver, CO","~","28","~","401","1,073","4,612","3,417","435"
"2001","Colorado Springs, CO","617","12","42","113","450","4,185","3,547","215"
"2002","Colorado Springs, CO","696","15","56","120","505","4,188","3,485","252"
"2003","Colorado Springs, CO","672","8","59","107","498","4,169","3,455","268"
"2004","Colorado Springs, CO","620","12","51","105","452","4,783","3,953","365"
"2005","Colorado Springs, CO","699","5","47","122","525","4,193","3,400","297"
"2006","Colorado Springs, CO","746","17","49","163","517","3,413","2,736","255"
"2007","Colorado Springs, CO","718","16","41","145","516","3,857","3,210","199"
"2008","Colorado Springs, CO","707","19","50","159","479","3,925","3,369","148"
"2009","Colorado Springs, CO","707","16","54","145","492","3,668","3,163","138"
"2010","Colorado Springs, CO"
"2011","Colorado Springs, CO","744","20","41","148","535","3,526","3,053","126"
"2012","Colorado Springs, CO","524","17","25","92","390","2,560","2,294","85"
"2013","Colorado Springs, CO","~","18","~","83","463","2,696","2,375","102"
"2014","Colorado Springs, CO","~","16","~","79","514","3,880","3,349","199"
"2001","Miami, FL"
"2002","Miami, FL"
"2003","Miami, FL"
"2004","Miami, FL"
"2005","Miami, FL"
"2006","Miami, FL"
"2007","Miami, FL"
"2008","Miami, FL"
"2009","Miami, FL"
"2010","Miami, FL"
"2011","Miami, FL"
"2012","Miami, FL"
"2013","Miami, FL"
"2014","Miami, FL"
"2001","Orlando, FL"
"2002","Orlando, FL"
"2003","Orlando, FL"
"2004","Orlando, FL"
"2005","Orlando, FL"
"2006","Orlando, FL"
"2007","Orlando, FL"
"2008","Orlando, FL"
"2009","Orlando, FL"
"2010","Orlando, FL"
"2011","Orlando, FL"
"2012","Orlando, FL"
"2013","Orlando, FL"
"2014","Orlando, FL"
"2001","Tampa, FL"
"2002","Tampa, FL"
"2003","Tampa, FL"
"2004","Tampa, FL"
"2005","Tampa, FL"
"2006","Tampa, FL"
"2007","Tampa, FL"
"2008","Tampa, FL"
"2009","Tampa, FL"
"2010","Tampa, FL"
"2011","Tampa, FL"
"2012","Tampa, FL"
"2013","Tampa, FL"
"2014","Tampa, FL"
"2001","Jacksonville, FL"
"2002","Jacksonville, FL"
"2003","Jacksonville, FL"
"2004","Jacksonville, FL"
"2005","Jacksonville, FL"
"2006","Jacksonville, FL"
"2007","Jacksonville, FL"
"2008","Jacksonville, FL"
"2009","Jacksonville, FL"
"2010","Jacksonville, FL"
"2011","Jacksonville, FL"
"2012","Jacksonville, FL"
"2013","Jacksonville, FL"
"2014","Jacksonville, FL"
"2001","Atlanta, GA","4,577","99","145","936","3,397","6,581","4,484","753"
"2002","Atlanta, GA","4,008","108","127","943","2,830","6,033","3,994","741"
"2003","Atlanta, GA","2,524","89","103","679","1,653","4,634","3,143","583"
"2004","Atlanta, GA","2,777","87","113","614","1,963","4,395","3,118","519"
"2005","Atlanta, GA","3,823","57","113","864","2,789","5,528","3,667","730"
"2006","Atlanta, GA","3,485","69","98","794","2,524","4,948","3,505","517"
"2007","Atlanta, GA","2,698","80","72","711","1,835","5,009","3,692","469"
"2008","Atlanta, GA"
"2009","Atlanta, GA","2,381","71","39","624","1,647","5,822","4,367","522"
"2010","Atlanta, GA","2,262","83","46","503","1,630","5,037","3,714","417"
"2011","Atlanta, GA","2,228","65","41","491","1,631","4,393","3,153","373"
"2012","Atlanta, GA","2,334","77","34","608","1,615","4,414","3,377","350"
"2013","Atlanta, GA","~","75","~","517","1,347","3,971","3,061","329"
"2014","Atlanta, GA","~","63","~","503","1,183","3,766","3,011","272"
"2001","Honolulu, HI","989","27","104","379","479","5,350","3,865","976"
"2002","Honolulu, HI","1,023","26","113","419","465","5,414","3,736","1,156"
"2003","Honolulu, HI","906","22","94","322","468","4,499","3,373","722"
"2004","Honolulu, HI","894","38","60","234","562","3,765","2,954","543"
"2005","Honolulu, HI","851","27","76","248","500","3,650","2,889","533"
"2006","Honolulu, HI","965","22","83","276","584","3,090","2,322","492"
"2007","Honolulu, HI","989","29","78","310","572","3,476","2,716","454"
"2008","Honolulu, HI","1,008","12","68","350","578","3,013","2,371","291"
"2009","Honolulu, HI","1,070","13","98","352","607","3,734","3,098","338"
"2010","Honolulu, HI","1,028","18","79","311","620","3,695","3,065","310"
"2011","Honolulu, HI","1,047","16","93","359","579","3,783","3,177","259"
"2012","Honolulu, HI","953","9","69","335","540","3,939","3,324","272"
"2013","Honolulu, HI"
"2014","Honolulu, HI"
"2001","Chicago, IL","10,604","558","703","3,168","6,175","38,418","23,939","10,687"
"2002","Chicago, IL","9,885","520","630","2,995","5,740","31,605","18,487","9,542"
"2003","Chicago, IL","9,570","472","603","2,909","5,586","29,111","17,244","8,402"
"2004","Chicago, IL","9,525","433","561","2,914","5,617","26,615","16,080","7,409"
"2005","Chicago, IL","9,694","383","543","3,081","5,687","24,849","14,896","7,011"
"2006","Chicago, IL","8,505","310","- 1","3,199","4,996","22,006","13,352","5,781"
"2007","Chicago, IL","8,403","354","506","2,785","4,758","20,770","12,840","5,129"
"2008","Chicago, IL","8,349","344","444","2,832","4,729","21,870","14,628","4,513"
"2009","Chicago, IL","7,894","363","450","2,757","4,324","20,725","14,056","3,832"
"2010","Chicago, IL","7,188","248","421","2,511","4,008","17,939","12,266","3,118"
"2011","Chicago, IL","6,559","272","399","2,405","3,483","17,738","12,682","2,609"
"2012","Chicago, IL","6,331","311","373","2,397","3,250","17,194","12,635","2,381"
"2013","Chicago, IL","~","354","~","2,466","2,882","15,798","11,485","2,481"
"2014","Chicago, IL","~","322","~","1,996","1,650","14,047","9,891","2,540"
"2001","Fort Wayne, IN","832","8","10","54","760","1,607","1,479","64"
"2002","Fort Wayne, IN","892","16","10","63","803","1,411","1,239","68"
"2003","Fort Wayne, IN","946","6","11","55","874","1,422","1,255","48"
"2004","Fort Wayne, IN","865","5","6","44","810","1,411","1,252","54"
"2005","Fort Wayne, IN","994","10","9","55","920","1,465","1,274","75"
"2006","Fort Wayne, IN","994","10","13","105","866","1,505","1,162","127"
"2007","Fort Wayne, IN","273","8","19","105","141","1,679","1,379","108"
"2008","Fort Wayne, IN","233","7","9","96","121","2,061","1,687","92"
"2009","Fort Wayne, IN","302","9","10","140","143","1,807","1,569","58"
"2010","Fort Wayne, IN","300","12","9","86","193","1,763","1,475","68"
"2011","Fort Wayne, IN","408","1","6","44","357","1,291","1,154","48"
"2012","Fort Wayne, IN","445","2","4","89","350","1,270","1,107","40"
"2013","Fort Wayne, IN"
"2014","Fort Wayne, IN","~","9","~","55","711","1,190","1,055","54"
"2001","Indianapolis, IN","5,545","95","92","739","4,619","4,213","2,439","924"
"2002","Indianapolis, IN","5,428","111","89","748","4,480","4,203","2,412","874"
"2003","Indianapolis, IN","4,988","98","83","732","4,075","4,039","2,262","879"
"2004","Indianapolis, IN","5,282","116","88","759","4,319","4,375","2,478","904"
"2005","Indianapolis, IN","5,498","102","92","774","4,530","4,570","2,558","979"
"2006","Indianapolis, IN"
"2007","Indianapolis, IN","3,408","85","140","994","2,189","6,814","4,620","1,128"
"2008","Indianapolis, IN","3,702","99","116","987","2,500","7,486","5,143","1,023"
"2009","Indianapolis, IN","3,558","66","99","963","2,430","6,730","4,722","659"
"2010","Indianapolis, IN"
"2011","Indianapolis, IN","3,572","88","103","882","2,499","8,008","5,732","814"
"2012","Indianapolis, IN","2,421","75","53","501","1,792","6,228","4,818","496"
"2013","Indianapolis, IN","~","100","~","479","1,775","6,349","5,069","504"
"2014","Indianapolis, IN","~","86","~","501","1,625","4,841","3,806","485"
"2001","Wichita, KS"
"2002","Wichita, KS","6","1","- 1","1","4","26","19","1"
"2003","Wichita, KS","391","15","26","87","263","2,173","1,923","66"
"2004","Wichita, KS","641","12","53","124","452","3,118","2,668","149"
"2005","Wichita, KS","577","5","40","112","420","2,304","1,889","157"
"2006","Wichita, KS","727","19","65","95","548","1,730","1,314","170"
"2007","Wichita, KS","798","34","58","155","551","2,008","1,500","161"
"2008","Wichita, KS","714","22","62","115","515","2,120","1,686","124"
"2009","Wichita, KS","784","30","53","139","562","2,367","1,971","116"
"2010","Wichita, KS","746","18","61","109","558","1,961","1,570","98"
"2011","Wichita, KS","745","19","77","105","544","2,059","1,640","143"
"2012","Wichita, KS","723","26","51","128","518","2,109","1,681","158"
"2013","Wichita, KS","~","22","~","91","513","2,073","1,651","171"
"2014","Wichita, KS","~","20","~","129","438","1,804","1,433","174"
"2001","Louisville, KY","1,354","29","29","300","996","2,616","1,403","489"
"2002","Louisville, KY","1,556","32","33","351","1,140","2,666","1,343","634"
"2003","Louisville, KY"
"2004","Louisville, KY"
"2005","Louisville, KY"
"2006","Louisville, KY"
"2007","Louisville, KY"
"2008","Louisville, KY"
"2009","Louisville, KY"
"2010","Louisville, KY"
"2011","Louisville, KY"
"2012","Louisville, KY"
"2013","Louisville, KY"
"2014","Louisville, KY"
"2001","New Orleans, LA"
"2002","New Orleans, LA"
"2003","New Orleans, LA"
"2004","New Orleans, LA"
"2005","New Orleans, LA"
"2006","New Orleans, LA"
"2007","New Orleans, LA"
"2008","New Orleans, LA"
"2009","New Orleans, LA"
"2010","New Orleans, LA"
"2011","New Orleans, LA"
"2012","New Orleans, LA"
"2013","New Orleans, LA"
"2014","New Orleans, LA"
"2001","Baltimore, MD","3,178","245","166","1,224","1,543","9,012","5,302","1,445"
"2002","Baltimore, MD","3,114","214","106","1,110","1,684","8,046","4,264","2,145"
"2003","Baltimore, MD","2,757","194","95","937","1,531","7,607","3,901","2,024"
"2004","Baltimore, MD","2,254","155","82","870","1,147","7,072","3,508","1,856"
"2005","Baltimore, MD","2,031","129","62","847","993","5,299","2,066","1,662"
"2006","Baltimore, MD","2,254","119","53","1,119","963","4,979","1,746","1,458"
"2007","Baltimore, MD","2,030","125","58","957","890","4,346","1,577","1,295"
"2008","Baltimore, MD","1,940","103","56","945","836","4,126","1,749","970"
"2009","Baltimore, MD","1,955","132","72","975","776","3,710","1,591","791"
"2010","Baltimore, MD","1,845","126","54","802","863","2,612","803","608"
"2011","Baltimore, MD","1,970","88","96","664","1,122","3,331","1,255","606"
"2012","Baltimore, MD","2,161","79","105","847","1,130","3,798","1,539","645"
"2013","Baltimore, MD","~","102","~","1,021","1,189","3,991","2,417","453"
"2014","Baltimore, MD","~","86","~","1,167","1,216","4,587","2,865","403"
"2001","Boston, MA","3,744","39","86","689","2,930","2,853","2,132","285"
"2002","Boston, MA","4,173","43","100","850","3,180","3,235","2,452","213"
"2003","Boston, MA"
"2004","Boston, MA"
"2005","Boston, MA"
"2006","Boston, MA","4,363","32","78","937","3,316","3,199","2,391","116"
"2007","Boston, MA","4,108","27","68","857","3,156","3,117","2,252","170"
"2008","Boston, MA","4,238","28","49","933","3,228","3,153","2,374","81"
"2009","Boston, MA","4,045","21","57","848","3,119","2,764","2,065","115"
"2010","Boston, MA","3,544","25","49","656","2,814","2,583","1,905","110"
"2011","Boston, MA","3,217","22","49","639","2,507","2,521","1,828","127"
"2012","Boston, MA","3,132","29","50","579","2,474","2,336","1,746","80"
"2013","Boston, MA","~","24","~","532","2,201","2,409","1,788","103"
"2014","Boston, MA","~","19","~","590","2,303","2,614","1,962","135"
"2001","Detroit, MI","7,837","646","498","1,819","4,874","4,320","2,168","263"
"2002","Detroit, MI","7,014","493","328","1,409","4,784","4,117","2,072","190"
"2003","Detroit, MI","5,956","349","297","1,164","4,146","3,524","1,676","193"
"2004","Detroit, MI","4,583","261","193","1,037","3,092","2,839","1,424","125"
"2005","Detroit, MI","3,840","120","74","821","2,825","4,205","940","2,101"
"2006","Detroit, MI","3,858","123","72","1,015","2,648","4,544","1,147","2,064"
"2007","Detroit, MI","4,061","185","48","1,018","2,810","4,511","1,196","1,796"
"2008","Detroit, MI","3,320","81","43","914","2,282","4,099","1,029","1,346"
"2009","Detroit, MI","3,141","96","39","754","2,252","2,869","728","890"
"2010","Detroit, MI","3,298","49","52","821","2,376","2,566","738","679"
"2011","Detroit, MI","2,805","35","47","620","2,103","2,483","664","693"
"2012","Detroit, MI","2,364","33","45","550","1,736","2,037","508","570"
"2013","Detroit, MI","~","107","~","697","1,822","1,977","521","505"
"2014","Detroit, MI","~","170","~","458","2,024","1,408","404","369"
"2001","Minneapolis, MN"
"2002","Minneapolis, MN"
"2003","Minneapolis, MN"
"2004","Minneapolis, MN","1,457","46","136","432","843","2,321","1,315","633"
"2005","Minneapolis, MN","2,213","22","113","753","1,325","3,438","2,002","922"
"2006","Minneapolis, MN","1,531","8","77","531","915","2,144","1,186","522"
"2007","Minneapolis, MN","1,371","41","76","435","819","1,878","1,053","427"
"2008","Minneapolis, MN","1,293","26","66","396","805","1,649","885","308"
"2009","Minneapolis, MN","1,194","11","57","311","815","2,168","1,616","206"
"2010","Minneapolis, MN","1,095","22","56","275","742","2,032","1,576","171"
"2011","Minneapolis, MN","1,248","22","103","384","739","2,427","1,894","150"
"2012","Minneapolis, MN","1,828","32","159","538","1,099","3,758","3,055","204"
"2013","Minneapolis, MN","~","19","~","395","683","2,234","1,781","115"
"2014","Minneapolis, MN","~","37","~","405","678","2,316","1,850","144"
"2001","St. Paul, MN"
"2002","St. Paul, MN"
"2003","St. Paul, MN"
"2004","St. Paul, MN"
"2005","St. Paul, MN"
"2006","St. Paul, MN","1,060","13","36","246","765","1,666","677","453"
"2007","St. Paul, MN","1,072","11","49","281","731","1,984","1,215","384"
"2008","St. Paul, MN","1,095","20","51","286","738","2,181","1,477","352"
"2009","St. Paul, MN","1,018","33","54","253","678","2,255","1,736","234"
"2010","St. Paul, MN","1,004","22","58","200","724","2,086","1,531","219"
"2011","St. Paul, MN","861","10","49","204","598","2,256","1,746","216"
"2012","St. Paul, MN","1,308","19","62","298","929","2,842","2,094","326"
"2013","St. Paul, MN","~","14","~","227","597","1,948","1,451","237"
"2014","St. Paul, MN","~","9","~","171","525","1,806","1,321","275"
"2001","St. Louis, MO","4,237","112","115","827","3,183","4,416","3,236","263"
"2002","St. Louis, MO","4,381","135","122","727","3,397","4,376","3,217","268"
"2003","St. Louis, MO","3,853","93","86","698","2,976","4,109","3,164","274"
"2004","St. Louis, MO","3,518","91","104","626","2,697","4,007","2,744","543"
"2005","St. Louis, MO","4,098","91","110","765","3,132","4,692","3,576","285"
"2006","St. Louis, MO","4,336","108","158","860","3,210","5,078","3,719","305"
"2007","St. Louis, MO","2,901","101","139","742","1,919","5,397","3,918","304"
"2008","St. Louis, MO","2,526","101","106","689","1,630","4,857","3,418","314"
"2009","St. Louis, MO","2,633","138","102","743","1,650","4,083","2,824","222"
"2010","St. Louis, MO","2,333","117","94","697","1,425","3,798","2,449","168"
"2011","St. Louis, MO","2,356","99","88","726","1,443","4,130","2,590","167"
"2012","St. Louis, MO","2,023","122","84","679","1,138","3,217","2,112","140"
"2013","St. Louis, MO","~","83","~","582","1,098","2,944","1,982","127"
"2014","St. Louis, MO","~","108","~","547","1,042","2,578","1,720","110"
"2001","Lincoln, NE","287","6","47","55","179","1,811","1,558","53"
"2002","Lincoln, NE","274","6","36","53","179","1,790","1,524","46"
"2003","Lincoln, NE","269","9","42","43","175","1,609","1,349","68"
"2004","Lincoln, NE","318","4","50","73","191","1,693","1,462","41"
"2005","Lincoln, NE","457","9","44","84","320","1,647","1,459","4"
"2006","Lincoln, NE","402","8","44","59","291","1,649","1,386","52"
"2007","Lincoln, NE","426","7","51","62","306","1,591","1,347","69"
"2008","Lincoln, NE","430","4","34","83","309","1,633","1,402","49"
"2009","Lincoln, NE"
"2010","Lincoln, NE","373","3","37","72","261","1,472","1,299","52"
"2011","Lincoln, NE","414","6","50","70","288","1,654","1,468","54"
"2012","Lincoln, NE","465","2","33","76","354","2,199","2,008","43"
"2013","Lincoln, NE","~","3","~","63","339","2,131","1,971","46"
"2014","Lincoln, NE","~","5","~","51","349","2,160","2,002","57"
"2001","Omaha, NE","499","24","38","176","261","4,846","4,374","198"
"2002","Omaha, NE","513","23","54","205","231","4,698","4,230","176"
"2003","Omaha, NE","493","36","36","195","226","3,691","3,190","154"
"2004","Omaha, NE","563","24","46","209","284","3,836","3,399","100"
"2005","Omaha, NE","637","22","49","166","400","3,942","3,534","147"
"2006","Omaha, NE","630","25","49","194","362","3,949","3,484","136"
"2007","Omaha, NE"
"2008","Omaha, NE","794","28","47","243","476","3,889","3,517","142"
"2009","Omaha, NE","814","21","50","247","496","4,349","3,903","138"
"2010","Omaha, NE","765","19","36","198","512","3,993","3,598","134"
"2011","Omaha, NE","844","34","66","203","541","4,616","4,164","138"
"2012","Omaha, NE","768","22","45","193","508","3,933","3,506","137"
"2013","Omaha, NE","~","28","~","165","521","3,557","3,211","94"
"2014","Omaha, NE","~","29","~","176","558","4,310","3,903","140"
"2001","Henderson, NV","177","9","23","51","94","971","613","92"
"2002","Henderson, NV","137","4","16","34","83","959","587","114"
"2003","Henderson, NV","206","4","22","38","142","970","671","64"
"2004","Henderson, NV","198","6","23","53","116","1,072","799","38"
"2005","Henderson, NV","220","4","13","67","136","1,295","984","42"
"2006","Henderson, NV","262","5","22","102","133","1,245","741","145"
"2007","Henderson, NV","243","4","16","95","128","1,417","979","28"
"2008","Henderson, NV","230","3","19","99","109","1,409","957","20"
"2009","Henderson, NV","285","8","15","105","157","1,456","1,064","19"
"2010","Henderson, NV","261","8","12","69","172","1,430","1,185","20"
"2011","Henderson, NV","234","1","11","46","176","1,246","998","10"
"2012","Henderson, NV","166","1","13","44","108","1,304","1,057","36"
"2013","Henderson, NV","~","3","~","71","80","1,406","1,059","36"
"2014","Henderson, NV","~","1","~","73","105","1,394","1,038","30"
"2001","Las Vegas, NV","1,748","88","152","874","634","11,990","7,455","1,492"
"2002","Las Vegas, NV","2,079","70","125","924","960","12,916","7,945","1,671"
"2003","Las Vegas, NV","1,931","63","186","819","863","12,009","7,255","1,569"
"2004","Las Vegas, NV","2,000","74","87","793","1,046","12,960","7,984","1,720"
"2005","Las Vegas, NV","2,039","105","96","755","1,083","11,319","6,424","1,750"
"2006","Las Vegas, NV","2,582","110","114","1,074","1,284","8,746","5,810","1,774"
"2007","Las Vegas, NV","3,172","96","97","1,103","1,876","8,400","5,912","1,574"
"2008","Las Vegas, NV","4,030","91","148","1,249","2,542","9,486","7,260","854"
"2009","Las Vegas, NV","5,072","102","128","1,434","3,408","10,815","9,166","519"
"2010","Las Vegas, NV","4,750","86","100","1,288","3,276","9,645","8,291","420"
"2011","Las Vegas, NV","4,234","74","110","1,191","2,859","8,743","7,316","381"
"2012","Las Vegas, NV","4,160","71","112","1,118","2,859","8,418","6,971","321"
"2013","Las Vegas, NV","~","81","~","1,203","2,580","8,345","6,761","383"
"2014","Las Vegas, NV","~","91","~","1,383","2,795","7,133","5,616","476"
"2001","Jersey City, NJ","1,129","18","17","338","756","946","725","13"
"2002","Jersey City, NJ","1,235","22","20","379","814","933","741","13"
"2003","Jersey City, NJ","1,301","15","19","418","849","801","616","23"
"2004","Jersey City, NJ","1,073","13","8","341","711","892","713","19"
"2005","Jersey City, NJ","1,009","21","3","365","620","734","518","14"
"2006","Jersey City, NJ","1,042","25","- 1","465","552","728","523","3"
"2007","Jersey City, NJ","975","26","4","400","545","781","554","8"
"2008","Jersey City, NJ","839","27","8","382","422","797","587","3"
"2009","Jersey City, NJ","749","25","6","323","395","705","534","14"
"2010","Jersey City, NJ","730","25","10","299","396","656","497","2"
"2011","Jersey City, NJ","727","17","14","289","407","608","413","- 1"
"2012","Jersey City, NJ","736","9","8","285","434","614","389","- 1"
"2013","Jersey City, NJ","~","22","~","261","452","457","309","- 1"
"2014","Jersey City, NJ","~","22","~","198","337","487","341","- 1"
"2001","Newark, NJ","1,737","56","52","477","1,152","1,578","1,029","37"
"2002","Newark, NJ","1,437","36","46","443","912","1,448","969","50"
"2003","Newark, NJ","1,279","52","42","406","779","1,265","760","60"
"2004","Newark, NJ","1,325","47","30","365","883","1,162","684","37"
"2005","Newark, NJ","1,104","53","39","355","657","991","553","27"
"2006","Newark, NJ","1,046","41","33","405","567","983","551","26"
"2007","Newark, NJ","1,046","46","24","378","598","727","386","22"
"2008","Newark, NJ","1,097","33","21","417","626","761","366","18"
"2009","Newark, NJ","1,072","32","18","453","569","581","314","14"
"2010","Newark, NJ","1,019","49","11","347","612","623","273","1"
"2011","Newark, NJ","906","31","3","295","577","647","292","8"
"2012","Newark, NJ","819","28","16","338","437","590","333","8"
"2013","Newark, NJ","~","36","~","411","373","568","342","3"
"2014","Newark, NJ","~","45","~","341","361","546","339","15"
"2001","Albuquerque, NM","1,264","30","24","228","982","2,317","1,807","146"
"2002","Albuquerque, NM","1,289","37","23","237","992","2,344","1,888","162"
"2003","Albuquerque, NM","1,069","38","26","159","846","1,988","1,542","132"
"2004","Albuquerque, NM","1,095","31","24","184","856","1,997","1,601","79"
"2005","Albuquerque, NM","1,240","31","9","212","988","1,926","1,537","73"
"2006","Albuquerque, NM","1,139","25","22","174","918","1,739","1,254","122"
"2007","Albuquerque, NM","1,312","33","32","217","1,030","2,114","1,626","118"
"2008","Albuquerque, NM","1,507","35","38","213","1,221","4,743","4,241","75"
"2009","Albuquerque, NM","1,567","35","21","163","1,348","5,687","5,089","97"
"2010","Albuquerque, NM","1,621","28","15","155","1,423","5,639","4,988","121"
"2011","Albuquerque, NM","1,688","34","20","148","1,486","5,518","4,910","87"
"2012","Albuquerque, NM","1,627","31","25","134","1,437","5,757","5,022","119"
"2013","Albuquerque, NM","~","25","~","137","1,377","6,010","5,238","99"
"2014","Albuquerque, NM","~","20","~","105","1,480","5,385","4,737","121"
"2001","Buffalo, NY","1,451","35","51","444","921","1,863","875","533"
"2002","Buffalo, NY","1,459","19","43","444","953","1,917","906","557"
"2003","Buffalo, NY","1,319","23","41","394","861","1,937","1,066","403"
"2004","Buffalo, NY","1,648","30","54","438","1,126","2,253","1,175","544"
"2005","Buffalo, NY","1,550","43","63","436","1,008","2,324","1,308","447"
"2006","Buffalo, NY","1,637","74","52","494","1,017","2,350","1,273","416"
"2007","Buffalo, NY","1,430","53","43","433","901","2,316","1,256","453"
"2008","Buffalo, NY","1,581","61","51","454","1,015","2,350","1,317","392"
"2009","Buffalo, NY","1,767","26","43","588","1,110","2,293","1,324","375"
"2010","Buffalo, NY","1,592","19","41","485","1,047","2,489","1,501","314"
"2011","Buffalo, NY"
"2012","Buffalo, NY","1,382","14","23","435","910","2,341","1,427","306"
"2013","Buffalo, NY","~","16","~","464","972","2,194","1,391","266"
"2014","Buffalo, NY","~","14","~","456","931","2,098","1,371","250"
"2001","New York City, NY","33,576","621","930","12,454","19,571","31,536","22,795","3,490"
"2002","New York City, NY"
"2003","New York City, NY"
"2004","New York City, NY"
"2005","New York City, NY"
"2006","New York City, NY"
"2007","New York City, NY"
"2008","New York City, NY"
"2009","New York City, NY"
"2010","New York City, NY"
"2011","New York City, NY"
"2012","New York City, NY"
"2013","New York City, NY"
"2014","New York City, NY"
"2001","Greensboro, NC","1,033","35","26","380","592","4,120","3,071","292"
"2002","Greensboro, NC","1,004","37","23","322","622","4,268","3,231","271"
"2003","Greensboro, NC","1,042","36","19","369","618","4,220","3,267","255"
"2004","Greensboro, NC"
"2005","Greensboro, NC","1,002","27","17","391","567","3,406","2,700","1"
"2006","Greensboro, NC","870","24","10","334","502","3,243","2,401","43"
"2007","Greensboro, NC","1,008","29","4","357","618","3,486","2,627","57"
"2008","Greensboro, NC","901","16","11","385","489","3,905","3,121","74"
"2009","Greensboro, NC","968","9","17","304","638","4,417","3,662","31"
"2010","Greensboro, NC","735","6","8","232","489","4,003","3,254","17"
"2011","Greensboro, NC","716","25","13","211","467","3,558","2,925","13"
"2012","Greensboro, NC","924","24","17","318","565","4,016","3,324","22"
"2013","Greensboro, NC","~","12","~","279","437","3,504","2,805","3"
"2014","Greensboro, NC","~","9","~","260","377","2,941","2,254","6"
"2001","Raleigh, NC","548","18","27","254","249","1,884","1,347","54"
"2002","Raleigh, NC","546","31","32","243","240","1,890","1,397","54"
"2003","Raleigh, NC","662","36","30","289","307","2,230","1,740","44"
"2004","Raleigh, NC"
"2005","Raleigh, NC","815","35","31","355","394","2,687","2,041","44"
"2006","Raleigh, NC","988","35","22","397","534","2,778","2,109","40"
"2007","Raleigh, NC","806","23","39","349","395","2,848","2,113","31"
"2008","Raleigh, NC","918","54","28","457","379","3,254","2,460","17"
"2009","Raleigh, NC"
"2010","Raleigh, NC","854","27","56","330","441","3,116","2,304","79"
"2011","Raleigh, NC","730","21","44","311","354","3,189","2,271","94"
"2012","Raleigh, NC","860","32","37","297","494","3,270","2,564","97"
"2013","Raleigh, NC","~","24","~","345","612","3,511","2,760","84"
"2014","Raleigh, NC"
"2001","Charlotte, NC","3,324","64","20","433","2,807","3,553","2,621","278"
"2002","Charlotte, NC","3,402","53","46","489","2,814","3,329","2,221","296"
"2003","Charlotte, NC","3,078","52","39","419","2,568","3,439","2,158","512"
"2004","Charlotte, NC"
"2005","Charlotte, NC","2,700","53","38","536","2,073","3,214","2,108","205"
"2006","Charlotte, NC"
"2007","Charlotte, NC","2,442","43","27","570","1,802","3,342","2,061","186"
"2008","Charlotte, NC","2,381","43","36","559","1,743","3,817","2,457","212"
"2009","Charlotte, NC","2,728","58","30","563","2,077","4,099","2,752","145"
"2010","Charlotte, NC","2,836","75","74","593","2,094","4,173","2,817","147"
"2011","Charlotte, NC","2,564","55","78","616","1,815","4,030","2,662","131"
"2012","Charlotte, NC","2,749","51","63","737","1,898","4,229","2,936","112"
"2013","Charlotte, NC","~","35","~","745","1,389","2,799","1,730","112"
"2014","Charlotte, NC","~","34","~","719","2,360","5,007","4,086","133"
"2001","Cincinnati, OH"
"2002","Cincinnati, OH"
"2003","Cincinnati, OH"
"2004","Cincinnati, OH"
"2005","Cincinnati, OH"
"2006","Cincinnati, OH"
"2007","Cincinnati, OH"
"2008","Cincinnati, OH"
"2009","Cincinnati, OH"
"2010","Cincinnati, OH"
"2011","Cincinnati, OH"
"2012","Cincinnati, OH"
"2013","Cincinnati, OH"
"2014","Cincinnati, OH"
"2001","Cleveland, OH"
"2002","Cleveland, OH"
"2003","Cleveland, OH"
"2004","Cleveland, OH","1,428","51","128","537","712","2,143","728","665"
"2005","Cleveland, OH"
"2006","Cleveland, OH","1,521","44","104","689","684","2,108","630","610"
"2007","Cleveland, OH","1,417","51","90","611","665","2,036","599","521"
"2008","Cleveland, OH","1,498","53","100","688","657","2,020","760","372"
"2009","Cleveland, OH","1,442","59","84","589","710","1,849","758","312"
"2010","Cleveland, OH","1,459","50","96","539","774","1,641","603","192"
"2011","Cleveland, OH","1,335","44","90","574","627","1,751","720","166"
"2012","Cleveland, OH","1,174","55","70","520","529","1,579","697","121"
"2013","Cleveland, OH","~","31","~","481","490","1,402","678","147"
"2014","Cleveland, OH","~","29","~","391","479","1,179","569","137"
"2001","Toledo, OH","1,024","20","34","388","582","4,258","3,348","245"
"2002","Toledo, OH"
"2003","Toledo, OH"
"2004","Toledo, OH"
"2005","Toledo, OH"
"2006","Toledo, OH"
"2007","Toledo, OH"
"2008","Toledo, OH"
"2009","Toledo, OH"
"2010","Toledo, OH"
"2011","Toledo, OH"
"2012","Toledo, OH"
"2013","Toledo, OH"
"2014","Toledo, OH"
"2001","Columbus, OH","4,349","52","167","337","3,793","2,337","1,414","317"
"2002","Columbus, OH","4,126","47","194","245","3,640","2,077","1,304","274"
"2003","Columbus, OH","4,037","49","206","270","3,512","2,009","1,241","233"
"2004","Columbus, OH","556","21","60","334","141","2,275","1,013","567"
"2005","Columbus, OH","395","52","26","239","78","1,131","541","283"
"2006","Columbus, OH","434","25","28","279","102","1,178","572","226"
"2007","Columbus, OH","940","30","44","673","193","1,682","793","304"
"2008","Columbus, OH","878","34","47","605","192","1,929","901","316"
"2009","Columbus, OH","847","42","68","612","125","1,761","823","275"
"2010","Columbus, OH","819","38","70","575","136","1,550","723","197"
"2011","Columbus, OH","767","19","48","526","174","1,388","648","177"
"2012","Columbus, OH","633","16","27","439","151","1,274","551","178"
"2013","Columbus, OH","~","29","~","348","190","1,047","526","127"
"2014","Columbus, OH","~","29","~","257","227","717","395","113"
"2001","Tulsa, OK","1,419","31","70","217","1,101","4,085","3,023","441"
"2002","Tulsa, OK","1,365","32","83","264","986","4,234","3,233","391"
"2003","Tulsa, OK","1,130","40","36","194","860","4,743","3,692","321"
"2004","Tulsa, OK","1,069","38","45","182","804","4,175","3,260","365"
"2005","Tulsa, OK","1,250","57","40","243","910","3,684","2,716","330"
"2006","Tulsa, OK","1,078","36","38","267","737","3,903","2,959","273"
"2007","Tulsa, OK","932","48","37","272","575","3,871","3,069","204"
"2008","Tulsa, OK","1,018","46","29","283","660","3,663","3,054","29"
"2009","Tulsa, OK","915","66","29","279","541","4,384","3,823","34"
"2010","Tulsa, OK","867","38","25","295","509","3,786","3,273","28"
"2011","Tulsa, OK","804","42","39","204","519","3,875","3,344","55"
"2012","Tulsa, OK","840","41","35","184","580","3,706","3,154","50"
"2013","Tulsa, OK","~","54","~","190","563","3,960","3,418","42"
"2014","Tulsa, OK","~","42","~","196","456","4,005","3,549","37"
"2001","Oklahoma, OK","1,132","28","69","189","846","3,578","2,376","641"
"2002","Oklahoma, OK","1,148","53","81","235","779","3,719","2,432","724"
"2003","Oklahoma, OK","1,081","40","66","216","759","3,721","2,834","368"
"2004","Oklahoma, OK","1,100","51","59","190","800","3,761","3,151","139"
"2005","Oklahoma, OK","1,065","41","69","158","797","3,707","2,899","253"
"2006","Oklahoma, OK","1,036","48","39","182","767","2,924","2,157","190"
"2007","Oklahoma, OK","1,211","48","50","213","900","2,778","2,060","188"
"2008","Oklahoma, OK","1,401","51","62","246","1,042","3,623","2,805","101"
"2009","Oklahoma, OK","1,746","53","43","286","1,364","4,392","3,680","68"
"2010","Oklahoma, OK","1,645","45","59","209","1,332","4,252","3,539","53"
"2011","Oklahoma, OK","1,525","30","52","209","1,234","4,238","3,588","56"
"2012","Oklahoma, OK","1,418","41","64","193","1,120","4,135","3,408","87"
"2013","Oklahoma, OK","~","48","~","244","1,081","3,751","3,196","87"
"2014","Oklahoma, OK","~","37","~","253","1,140","3,651","3,093","80"
"2001","Portland, OR","785","48","50","337","350","5,100","4,204","503"
"2002","Portland, OR","537","43","34","221","239","4,042","3,181","629"
"2003","Portland, OR","184","36","14","66","68","854","437","317"
"2004","Portland, OR","1,331","69","73","543","646","9,941","8,076","1,093"
"2005","Portland, OR","1,026","74","51","330","571","6,346","5,029","723"
"2006","Portland, OR","1,013","48","52","335","578","5,624","4,700","434"
"2007","Portland, OR","974","34","63","340","537","5,651","4,702","496"
"2008","Portland, OR","981","36","47","333","565","5,944","5,201","316"
"2009","Portland, OR","902","25","53","280","544","5,644","5,059","252"
"2010","Portland, OR","863","34","46","273","510","4,683","4,063","269"
"2011","Portland, OR","824","19","39","266","500","4,418","3,707","309"
"2012","Portland, OR","914","41","32","330","511","4,510","3,857","299"
"2013","Portland, OR"
"2014","Portland, OR","~","23","~","258","494","4,432","3,735","349"
"2001","Pittsburgh, PA","1,383","42","59","598","684","1,950","1,079","358"
"2002","Pittsburgh, PA","1,430","47","72","506","805","1,630","823","195"
"2003","Pittsburgh, PA","1,400","61","55","546","738","1,648","871","232"
"2004","Pittsburgh, PA","1,610","48","35","665","862","1,790","883","221"
"2005","Pittsburgh, PA","1,301","56","38","525","682","1,549","818","170"
"2006","Pittsburgh, PA","1,354","33","34","553","734","1,528","819","120"
"2007","Pittsburgh, PA","1,437","42","51","591","753","1,579","890","151"
"2008","Pittsburgh, PA","1,413","40","32","564","777","1,537","885","160"
"2009","Pittsburgh, PA","1,287","34","37","513","703","1,358","824","119"
"2010","Pittsburgh, PA","1,353","39","17","504","793","1,421","841","98"
"2011","Pittsburgh, PA","1,180","27","40","479","634","1,274","796","88"
"2012","Pittsburgh, PA","1,169","29","37","505","598","1,446","979","108"
"2013","Pittsburgh, PA","~","27","~","408","687","1,378","910","102"
"2014","Pittsburgh, PA","~","26","~","445","589","1,328","903","102"
"2001","Philadelphia, PA","10,607","240","604","3,557","6,206","13,372","8,076","3,074"
"2002","Philadelphia, PA","9,972","242","508","3,380","5,842","11,328","6,373","2,906"
"2003","Philadelphia, PA","9,147","241","491","3,277","5,138","10,728","5,921","2,984"
"2004","Philadelphia, PA","9,272","261","461","3,295","5,255","10,052","5,871","2,440"
"2005","Philadelphia, PA","9,296","236","476","3,477","5,107","9,636","5,657","2,284"
"2006","Philadelphia, PA","10,175","241","429","3,898","5,607","10,028","5,829","2,334"
"2007","Philadelphia, PA","9,375","267","423","3,644","5,041","9,841","5,847","2,075"
"2008","Philadelphia, PA","9,937","291","476","3,723","5,447","9,848","6,186","1,512"
"2009","Philadelphia, PA","8,639","234","424","3,307","4,674","8,501","5,699","1,179"
"2010","Philadelphia, PA","9,164","258","356","3,456","5,094","10,121","7,210","1,109"
"2011","Philadelphia, PA","8,975","212","320","3,410","5,033","10,031","7,091","1,091"
"2012","Philadelphia, PA","8,482","258","318","3,099","4,807","9,996","7,173","962"
"2013","Philadelphia, PA","~","208","~","2,829","4,450","9,309","6,761","907"
"2014","Philadelphia, PA","~","160","~","2,674","3,949","8,534","6,178","914"
"2001","Memphis, TN","1,970","89","75","480","1,326","6,048","4,260","744"
"2002","Memphis, TN","1,847","103","45","442","1,257","5,761","3,998","852"
"2003","Memphis, TN","1,694","105","21","597","971","5,740","3,794","772"
"2004","Memphis, TN","1,613","101","30","658","824","6,493","4,629","710"
"2005","Memphis, TN","1,999","117","40","650","1,192","6,333","4,300","766"
"2006","Memphis, TN","2,266","119","58","772","1,317","5,883","4,023","531"
"2007","Memphis, TN","2,474","105","72","902","1,395","6,691","4,639","732"
"2008","Memphis, TN","2,572","125","53","887","1,507","7,909","5,583","700"
"2009","Memphis, TN","2,691","125","81","866","1,619","7,698","5,502","456"
"2010","Memphis, TN","2,517","77","83","800","1,557","6,786","4,569","393"
"2011","Memphis, TN","2,518","81","105","830","1,502","6,955","4,738","339"
"2012","Memphis, TN","2,537","64","103","731","1,639","6,717","4,971","254"
"2013","Memphis, TN","~","84","~","748","1,519","6,482","4,951","261"
"2014","Memphis, TN","~","68","~","727","1,273","6,412","4,892","332"
"2001","Nashville, TN","2,178","39","40","211","1,888","2,532","2,287","4"
"2002","Nashville, TN","2,330","66","30","154","2,080","2,292","2,064","3"
"2003","Nashville, TN","2,596","75","27","207","2,287","2,749","2,456","6"
"2004","Nashville, TN","2,916","91","42","215","2,568","2,779","2,385","17"
"2005","Nashville, TN","3,483","85","38","361","2,999","3,487","2,790","130"
"2006","Nashville, TN","1,851","51","30","301","1,469","2,325","1,794","136"
"2007","Nashville, TN","1,939","28","36","330","1,545","2,476","1,963","82"
"2008","Nashville, TN","2,137","35","39","390","1,673","3,002","2,506","98"
"2009","Nashville, TN","2,336","60","24","354","1,898","3,220","2,696","91"
"2010","Nashville, TN","4,758","71","41","332","4,314","4,004","3,387","116"
"2011","Nashville, TN","4,856","74","30","310","4,442","3,789","3,065","138"
"2012","Nashville, TN","5,170","99","29","434","4,608","4,363","3,696","130"
"2013","Nashville, TN","~","129","~","401","5,135","4,896","4,208","103"
"2014","Nashville, TN","~","90","~","304","4,931","4,488","3,938","120"
"2001","Arlington, TX","483","22","50","128","283","2,103","1,754","149"
"2002","Arlington, TX","609","7","96","218","288","3,384","2,773","245"
"2003","Arlington, TX","1,219","13","133","189","884","3,456","2,843","262"
"2004","Arlington, TX","1,919","12","102","153","1,652","3,285","2,819","191"
"2005","Arlington, TX","2,047","26","103","193","1,725","3,146","2,584","153"
"2006","Arlington, TX","1,873","13","129","213","1,518","2,749","2,163","157"
"2007","Arlington, TX","2,069","8","84","227","1,750","3,187","2,585","204"
"2008","Arlington, TX","2,060","24","98","255","1,683","3,559","3,011","153"
"2009","Arlington, TX","1,954","12","71","219","1,652","3,557","3,038","143"
"2010","Arlington, TX","740","7","54","151","528","3,430","2,905","138"
"2011","Arlington, TX","729","17","59","142","511","3,411","2,925","107"
"2012","Arlington, TX","847","17","82","139","609","3,278","2,798","155"
"2013","Arlington, TX","~","15","~","149","515","2,945","2,479","157"
"2014","Arlington, TX","~","10","~","135","665","3,092","2,706","117"
"2001","Dallas, TX","2,468","46","152","846","1,424","8,132","5,324","2,072"
"2002","Dallas, TX","2,227","49","144","783","1,251","7,508","4,818","1,906"
"2003","Dallas, TX","2,207","47","143","712","1,305","7,474","4,542","1,898"
"2004","Dallas, TX","2,075","43","101","701","1,230","7,006","4,392","1,685"
"2005","Dallas, TX","2,044","44","118","616","1,266","6,677","4,307","1,492"
"2006","Dallas, TX","2,132","33","104","718","1,277","6,255","4,154","1,221"
"2007","Dallas, TX","1,924","22","104","786","1,012","6,374","4,465","951"
"2008","Dallas, TX","1,972","11","100","705","1,156","6,179","4,410","716"
"2009","Dallas, TX","1,726","13","79","496","1,138","5,387","4,150","367"
"2010","Dallas, TX","1,898","17","99","451","1,331","5,344","4,112","368"
"2011","Dallas, TX","1,835","14","86","441","1,294","5,300","4,186","276"
"2012","Dallas, TX","1,775","11","92","381","1,291","5,200","4,214","253"
"2013","Dallas, TX","~","5","~","503","1,284","5,148","4,248","280"
"2014","Dallas, TX","~","8","~","324","999","4,202","3,438","281"
"2001","Houston, TX","2,385","112","143","948","1,182","10,457","9,186","267"
"2002","Houston, TX","2,594","122","187","1,116","1,169","11,160","9,882","205"
"2003","Houston, TX","2,581","99","231","1,118","1,133","10,885","9,663","160"
"2004","Houston, TX","2,630","83","249","1,126","1,172","10,995","9,707","176"
"2005","Houston, TX","2,447","138","220","964","1,125","10,252","8,883","151"
"2006","Houston, TX","2,857","141","257","1,154","1,305","10,669","9,360","85"
"2007","Houston, TX","3,003","152","230","1,328","1,293","11,315","9,988","38"
"2008","Houston, TX","3,214","128","228","1,293","1,565","11,302","10,014","14"
"2009","Houston, TX","3,641","108","227","1,480","1,826","12,866","11,318","7"
"2010","Houston, TX","3,461","136","200","1,348","1,777","13,213","11,730","19"
"2011","Houston, TX","2,974","104","168","1,164","1,538","12,118","10,729","15"
"2012","Houston, TX","3,076","93","167","1,058","1,758","11,061","9,727","15"
"2013","Houston, TX","~","106","~","1,238","1,906","10,312","9,163","6"
"2014","Houston, TX","~","122","~","1,190","1,743","8,619","7,363","248"
"2001","Corpus Christi, TX","573","14","41","133","385","2,038","1,620","232"
"2002","Corpus Christi, TX","510","13","29","148","320","2,100","1,705","222"
"2003","Corpus Christi, TX","461","14","27","111","309","2,300","1,960","184"
"2004","Corpus Christi, TX","449","13","30","127","279","2,350","2,012","154"
"2005","Corpus Christi, TX","466","7","16","109","334","2,209","1,921","118"
"2006","Corpus Christi, TX","417","11","13","111","282","2,020","1,719","147"
"2007","Corpus Christi, TX","495","10","15","148","322","1,797","1,486","114"
"2008","Corpus Christi, TX","507","10","16","135","346","2,351","1,959","139"
"2009","Corpus Christi, TX","538","11","22","116","389","2,238","1,978","90"
"2010","Corpus Christi, TX","463","8","10","91","354","2,202","1,926","78"
"2011","Corpus Christi, TX","466","4","14","118","330","2,394","2,077","69"
"2012","Corpus Christi, TX","537","7","14","124","392","2,452","2,197","90"
"2013","Corpus Christi, TX","~","21","~","75","323","2,237","1,969","115"
"2014","Corpus Christi, TX","~","23","~","96","387","2,192","1,990","85"
"2001","Laredo, TX","387","8","10","81","288","1,620","1,349","114"
"2002","Laredo, TX","354","6","8","94","246","1,575","1,357","72"
"2003","Laredo, TX","463","15","6","92","350","1,818","1,583","98"
"2004","Laredo, TX","563","20","- 1","136","407","1,764","1,491","109"
"2005","Laredo, TX","507","29","3","104","371","1,820","1,521","123"
"2006","Laredo, TX","592","22","20","159","391","1,775","1,459","107"
"2007","Laredo, TX","665","22","24","153","466","1,839","1,499","106"
"2008","Laredo, TX","565","21","16","170","358","1,785","1,479","97"
"2009","Laredo, TX","522","20","14","170","318","1,974","1,642","117"
"2010","Laredo, TX","476","5","14","126","331","1,814","1,569","112"
"2011","Laredo, TX","427","7","6","115","299","1,531","1,295","61"
"2012","Laredo, TX","477","6","8","116","347","1,827","1,546","99"
"2013","Laredo, TX","~","9","~","130","351","2,846","2,451","130"
"2014","Laredo, TX","~","14","~","136","292","2,769","2,403","132"
"2001","Plano, TX","231","7","13","40","171","1,223","1,044","83"
"2002","Plano, TX","245","3","14","47","181","1,312","1,156","65"
"2003","Plano, TX","207","2","12","46","147","1,718","1,541","65"
"2004","Plano, TX","240","5","22","41","172","1,694","1,565","36"
"2005","Plano, TX","219","2","16","28","173","1,276","1,150","36"
"2006","Plano, TX","235","2","9","44","180","1,084","951","27"
"2007","Plano, TX","198","2","15","42","139","1,296","1,186","25"
"2008","Plano, TX","212","5","15","33","159","1,159","1,040","19"
"2009","Plano, TX","139","5","5","28","101","1,573","1,434","28"
"2010","Plano, TX","144","3","10","38","93","1,294","1,201","25"
"2011","Plano, TX","136","3","3","44","86","1,213","1,123","17"
"2012","Plano, TX","111","1","13","38","59","1,279","1,164","25"
"2013","Plano, TX","~","1","~","25","69","1,091","1,008","21"
"2014","Plano, TX","~","1","~","36","73","1,138","1,076","14"
"2001","San Antonio, TX","943","31","67","373","472","3,219","2,359","100"
"2002","San Antonio, TX","762","41","3","258","460","4,524","3,728","231"
"2003","San Antonio, TX","1,129","57","11","402","659","6,774","5,554","383"
"2004","San Antonio, TX","1,335","81","7","462","785","8,484","7,008","614"
"2005","San Antonio, TX","1,527","62","13","535","917","8,331","6,867","554"
"2006","San Antonio, TX","1,613","65","19","583","946","8,815","7,209","687"
"2007","San Antonio, TX","1,738","80","14","623","1,021","9,979","8,428","650"
"2008","San Antonio, TX","2,078","95","89","760","1,134","11,302","9,537","688"
"2009","San Antonio, TX"
"2010","San Antonio, TX","2,026","70","128","762","1,066","9,966","8,434","344"
"2011","San Antonio, TX","1,936","61","116","690","1,069","10,232","8,830","168"
"2012","San Antonio, TX","1,885","62","163","660","1,000","10,005","8,749","60"
"2013","San Antonio, TX","~","57","~","624","1,001","8,564","7,538","18"
"2014","San Antonio, TX","~","81","~","505","868","9,286","8,408","5"
"2001","Austin, TX","850","20","43","203","584","4,143","3,682","88"
"2002","Austin, TX","887","16","33","285","553","4,665","4,069","134"
"2003","Austin, TX","540","15","- 1","130","395","2,077","1,792","4"
"2004","Austin, TX","1,073","36","- 1","341","696","5,083","4,580","16"
"2005","Austin, TX","1,149","39","3","314","793","4,894","4,261","14"
"2006","Austin, TX","1,193","23","- 1","340","830","4,863","4,271","7"
"2007","Austin, TX","1,240","35","4","362","839","5,217","4,555","6"
"2008","Austin, TX","1,313","21","- 1","330","962","5,701","4,975","8"
"2009","Austin, TX","1,254","18","1","342","893","5,827","5,220","8"
"2010","Austin, TX","1,122","24","- 1","309","789","5,392","4,789","3"
"2011","Austin, TX","974","21","- 1","222","731","5,404","4,795","2"
"2012","Austin, TX","984","27","1","195","761","5,015","4,378","5"
"2013","Austin, TX","~","25","~","196","830","4,142","3,532","6"
"2014","Austin, TX","~","18","~","232","748","4,639","4,050","12"
"2001","Fort Worth, TX","1,100","40","88","353","619","5,264","4,218","457"
"2002","Fort Worth, TX","1,184","59","106","323","696","6,349","4,908","692"
"2003","Fort Worth, TX"
"2004","Fort Worth, TX","1,107","48","82","334","643","6,214","4,936","550"
"2005","Fort Worth, TX"
"2006","Fort Worth, TX","893","25","79","234","555","4,080","3,269","205"
"2007","Fort Worth, TX","1,245","29","89","337","790","5,166","4,171","280"
"2008","Fort Worth, TX","1,498","43","122","475","858","5,545","4,393","295"
"2009","Fort Worth, TX","1,379","44","100","432","803","5,982","4,847","241"
"2010","Fort Worth, TX","1,255","43","99","416","697","5,586","4,623","241"
"2011","Fort Worth, TX","1,164","32","62","351","719","5,072","4,269","187"
"2012","Fort Worth, TX","1,227","40","115","365","707","5,145","4,393","154"
"2013","Fort Worth, TX","~","43","~","412","747","6,079","5,256","176"
"2014","Fort Worth, TX","~","54","~","340","794","6,157","5,358","180"
"2001","El Paso, TX","1,787","23","48","322","1,394","3,884","3,321","88"
"2002","El Paso, TX","1,626","14","83","265","1,264","4,087","3,424","123"
"2003","El Paso, TX","1,389","20","61","249","1,059","3,713","3,177","91"
"2004","El Paso, TX","1,391","11","51","330","999","3,784","3,137","91"
"2005","El Paso, TX","976","16","78","173","709","3,735","3,208","92"
"2006","El Paso, TX","812","9","47","218","538","3,139","2,558","136"
"2007","El Paso, TX","961","25","72","232","632","3,750","3,113","160"
"2008","El Paso, TX","1,099","22","54","249","774","4,561","3,825","96"
"2009","El Paso, TX","947","17","45","196","689","4,564","3,904","78"
"2010","El Paso, TX","980","4","54","214","708","4,598","3,968","70"
"2011","El Paso, TX","1,031","12","74","238","707","3,919","3,390","46"
"2012","El Paso, TX","997","20","44","229","704","4,235","3,642","60"
"2013","El Paso, TX","~","10","~","235","629","4,265","3,727","34"
"2014","El Paso, TX","~","20","~","263","668","3,912","3,359","41"
"2001","Virginia Beach, VA","254","12","22","118","102","1,865","1,602","87"
"2002","Virginia Beach, VA","200","2","17","65","116","1,862","1,506","80"
"2003","Virginia Beach, VA","253","13","18","113","109","2,151","1,668","91"
"2004","Virginia Beach, VA","331","12","16","150","153","2,297","1,878","96"
"2005","Virginia Beach, VA","338","24","15","171","128","2,066","1,546","140"
"2006","Virginia Beach, VA","495","21","17","223","234","2,130","1,696","73"
"2007","Virginia Beach, VA","375","16","14","189","156","2,182","1,720","50"
"2008","Virginia Beach, VA","377","10","18","185","164","2,376","1,908","69"
"2009","Virginia Beach, VA","363","24","7","177","155","2,324","1,910","53"
"2010","Virginia Beach, VA","296","12","17","133","134","2,649","2,147","90"
"2011","Virginia Beach, VA","332","15","20","167","130","2,710","2,273","53"
"2012","Virginia Beach, VA","401","22","20","148","211","2,593","2,212","36"
"2013","Virginia Beach, VA","~","22","~","170","194","2,436","2,106","55"
"2014","Virginia Beach, VA","~","11","~","133","200","2,141","1,898","32"
"2001","Seattle, WA"
"2002","Seattle, WA","452","6","45","199","202","3,939","3,440","310"
"2003","Seattle, WA"
"2004","Seattle, WA","542","9","44","277","212","4,363","3,836","239"
"2005","Seattle, WA","598","5","24","298","271","3,799","3,341","199"
"2006","Seattle, WA","859","27","97","423","312","4,564","3,476","516"
"2007","Seattle, WA","913","31","121","433","328","4,602","3,654","389"
"2008","Seattle, WA","631","3","27","339","262","2,558","1,993","203"
"2009","Seattle, WA","1,037","1","27","470","539","3,742","3,123","222"
"2010","Seattle, WA","1,129","6","14","431","678","3,486","2,788","180"
"2011","Seattle, WA"
"2012","Seattle, WA","1,379","10","36","370","963","2,669","2,077","104"
"2013","Seattle, WA","~","3","~","451","943","3,296","2,578","184"
"2014","Seattle, WA","~","12","~","423","932","2,761","2,103","212"
